timestep,error
0.40000000,0.23157279
0.20000000,0.05787230
0.10000000,0.01446249
0.05000000,0.00361520
0.02500000,0.00090377
0.01250000,0.00022594
