ES_energy,KE
0.000103788599,1.57070585
