ES_energy,KE
2.47552205e-05,1.57078474
