ES_energy,KE
0.208274389,1.36337879
