ES_energy,KE
0.421346024,1.15088489
