ES_energy,KE
0.120038971,1.45118919
