ES_energy,KE
0.0659011417,1.50530359
