ES_energy,KE
0.155880836,1.41534328
