ES_energy,KE
5.21876502e-06,1.57080422
