ES_energy,KE
0.136832947,1.43444937
