ES_energy,KE
6.37183764e-06,1.57080308
