ES_energy,KE
0.0471466581,1.52369934
