ES_energy,KE
0.184320085,1.38698945
