ES_energy,KE
0.1124463,1.45882281
