ES_energy,KE
0.000198350229,1.57061145
