ES_energy,KE
0.0673860509,1.50382447
