ES_energy,KE
0.221268461,1.35031205
