ES_energy,KE
8.48756421e-06,1.57080108
