ES_energy,KE
0.00027545878,1.57053456
