ES_energy,KE
0.000440806867,1.57036947
