ES_energy,KE
0.0683674319,1.50249473
