ES_energy,KE
7.82373865e-06,1.57080162
