ES_energy,KE
0.0122962514,1.55852548
