ES_energy,KE
0.149167341,1.42205417
