ES_energy,KE
0.114718872,1.4565719
