ES_energy,KE
0.260754821,1.31070742
