ES_energy,KE
0.112345216,1.4589133
