ES_energy,KE
0.0168893665,1.55393581
