ES_energy,KE
0.0013307428,1.56948052
