ES_energy,KE
0.00279286997,1.56801987
