ES_energy,KE
0.00152730306,1.56928413
