ES_energy,KE
0.0129560335,1.55786566
