ES_energy,KE
0.105976434,1.46492317
