ES_energy,KE
0.0306094491,1.54022543
