ES_energy,KE
0.220489717,1.35087812
