ES_energy,KE
6.604823e-07,1.57080878
