ES_energy,KE
0.22609307,1.34534006
