ES_energy,KE
0.000161637396,1.57064804
