ES_energy,KE
0.005701057,1.56511477
