ES_energy,KE
0.00260180637,1.56821091
