ES_energy,KE
4.58469904e-06,1.57080496
