ES_energy,KE
0.00037628842,1.57043391
