ES_energy,KE
1.20602177e-05,1.57079739
