ES_energy,KE
0.174411981,1.397207
