ES_energy,KE
0.174804718,1.39658236
