ES_energy,KE
0.000478916169,1.57033139
