ES_energy,KE
0.133295227,1.4379761
