ES_energy,KE
0.000318143692,1.57049194
