ES_energy,KE
1.79172597e-06,1.57080767
