ES_energy,KE
5.39542417e-06,1.57080413
