ES_energy,KE
0.189111037,1.38277025
