ES_energy,KE
0.143572854,1.42762602
