ES_energy,KE
0.331931032,1.23982812
