ES_energy,KE
0.00495858781,1.56585646
