ES_energy,KE
0.125308338,1.44593099
