ES_energy,KE
0.141184622,1.43008121
