ES_energy,KE
3.32139342e-06,1.57080612
