ES_energy,KE
0.152016154,1.41931013
