ES_energy,KE
0.000174319871,1.57063541
