ES_energy,KE
7.99533891e-05,1.57072967
