ES_energy,KE
7.68842466e-06,1.57080183
