ES_energy,KE
0.133162507,1.43807485
