ES_energy,KE
0.320241661,1.25124226
