ES_energy,KE
0.203526464,1.36782332
