ES_energy,KE
3.07246046e-05,1.57077877
