ES_energy,KE
1.09737135e-05,1.57079848
