ES_energy,KE
0.137841422,1.43341714
