ES_energy,KE
1.01826446e-05,1.57079928
