ES_energy,KE
7.20817887e-06,1.57080224
