ES_energy,KE
8.2574937e-06,1.57080119
