ES_energy,KE
0.000261015695,1.57054898
