ES_energy,KE
4.50432123e-06,1.57080502
