ES_energy,KE
0.190884969,1.38049168
