ES_energy,KE
0.141058968,1.43012933
