ES_energy,KE
0.207686908,1.36388899
