ES_energy,KE
0.158083036,1.41328793
