ES_energy,KE
0.113205986,1.45801017
