ES_energy,KE
0.165599157,1.40561835
