ES_energy,KE
0.000311243657,1.57049887
