ES_energy,KE
0.187244135,1.38406302
