ES_energy,KE
0.265460433,1.30598102
