ES_energy,KE
3.69013589e-06,1.57080575
