ES_energy,KE
9.34596938e-05,1.57071617
