ES_energy,KE
0.253737357,1.31771436
