ES_energy,KE
0.138079373,1.43319913
