ES_energy,KE
0.121883058,1.44936793
