ES_energy,KE
0.163367886,1.40785493
