ES_energy,KE
0.346001357,1.22702079
