ES_energy,KE
0.157285499,1.41392814
