ES_energy,KE
3.49801038e-06,1.57080596
