ES_energy,KE
5.23381625e-05,1.57075725
