ES_energy,KE
0.000213854523,1.57059603
