ES_energy,KE
0.256850339,1.31449322
