ES_energy,KE
0.256255608,1.3151953
