ES_energy,KE
5.91310337e-06,1.57080356
