ES_energy,KE
0.350732911,1.22093002
