ES_energy,KE
0.0913494979,1.47986555
