ES_energy,KE
0.157413554,1.41381484
