ES_energy,KE
1.35644184e-06,1.57080809
