ES_energy,KE
0.452474888,1.11950788
