ES_energy,KE
0.15427323,1.41695761
