ES_energy,KE
0.11564953,1.45557947
