ES_energy,KE
0.0838826078,1.48734126
