ES_energy,KE
0.11398564,1.45723615
