ES_energy,KE
0.245915627,1.32556384
