ES_energy,KE
0.172912101,1.39807434
