ES_energy,KE
0.000248734134,1.57056123
