ES_energy,KE
6.09412799e-05,1.57074866
