ES_energy,KE
0.0010588575,1.56975206
