ES_energy,KE
0.000914302097,1.5698965
