ES_energy,KE
0.000304587706,1.57050548
