ES_energy,KE
0.0323144147,1.53852088
