ES_energy,KE
0.105760443,1.46539984
