ES_energy,KE
4.43711832e-06,1.57080509
