ES_energy,KE
0.247274571,1.32420095
