ES_energy,KE
0.456936511,1.11581586
