ES_energy,KE
1.29579988e-05,1.57079653
