ES_energy,KE
0.234730266,1.33681915
