ES_energy,KE
0.161024837,1.40993783
