ES_energy,KE
0.442889201,1.12959505
