ES_energy,KE
0.135850721,1.43532651
