ES_energy,KE
0.251917713,1.31948529
