ES_energy,KE
0.171738356,1.40015722
