ES_energy,KE
0.183454,1.3884429
