ES_energy,KE
3.9653192e-05,1.57076993
