ES_energy,KE
2.74484124e-05,1.57078203
