ES_energy,KE
8.022409e-08,1.57080936
