ES_energy,KE
0.0215183025,1.54931046
