ES_energy,KE
0.237404685,1.33389506
