ES_energy,KE
0.151880324,1.41946638
