ES_energy,KE
3.96632385e-06,1.5708055
