ES_energy,KE
0.100743208,1.47015296
