ES_energy,KE
7.89698533e-07,1.57080869
