ES_energy,KE
0.137539117,1.43377418
