ES_energy,KE
0.154338419,1.41694921
