ES_energy,KE
0.000124109165,1.57068555
