ES_energy,KE
0.147431082,1.42391766
