ES_energy,KE
9.94503229e-06,1.57079961
