ES_energy,KE
6.49275787e-06,1.57080306
