ES_energy,KE
4.71327602e-06,1.57080474
