ES_energy,KE
0.185518162,1.38614247
