ES_energy,KE
4.71025196e-06,1.57080483
