ES_energy,KE
1.18951389e-05,1.57079766
