ES_energy,KE
0.0665954316,1.50426581
