ES_energy,KE
0.236918833,1.33445194
