ES_energy,KE
0.000200365348,1.57060946
