ES_energy,KE
4.45400026e-06,1.57080508
