ES_energy,KE
0.00778837772,1.56302945
