ES_energy,KE
0.00351941831,1.56729419
