ES_energy,KE
6.14947811e-07,1.57080882
