ES_energy,KE
0.152619869,1.41860263
