ES_energy,KE
0.244818701,1.32648756
