ES_energy,KE
8.12207155e-06,1.57080139
