ES_energy,KE
3.74113838e-05,1.57077219
