ES_energy,KE
1.31041653e-05,1.57079634
