ES_energy,KE
0.115275256,1.45595104
