ES_energy,KE
0.316813138,1.2549133
