ES_energy,KE
0.1572387,1.41402736
