ES_energy,KE
0.123730349,1.44754156
