ES_energy,KE
0.22463412,1.34689669
