ES_energy,KE
0.112729358,1.45853477
