ES_energy,KE
0.00376910958,1.56704488
