ES_energy,KE
0.161674506,1.40969058
