ES_energy,KE
1.4235763e-06,1.57080805
