ES_energy,KE
0.115947232,1.4552661
