ES_energy,KE
0.154248734,1.4169748
