ES_energy,KE
0.250075968,1.32156764
