ES_energy,KE
0.350505828,1.22103325
