ES_energy,KE
0.314913198,1.25652774
