ES_energy,KE
0.00950849183,1.56131058
