ES_energy,KE
0.210554485,1.36104404
