ES_energy,KE
0.299188779,1.27243503
