ES_energy,KE
0.000183879061,1.57062587
