ES_energy,KE
0.00165544023,1.56915611
