ES_energy,KE
0.166344775,1.4048616
