ES_energy,KE
0.160097231,1.41140734
