ES_energy,KE
5.04873938e-06,1.5708044
