ES_energy,KE
0.114277017,1.45662381
