ES_energy,KE
0.36379493,1.20795207
