ES_energy,KE
0.000182506834,1.57062725
