ES_energy,KE
0.356009031,1.21562547
