ES_energy,KE
0.0434984533,1.52734585
