ES_energy,KE
3.14571678e-06,1.57080631
