ES_energy,KE
5.00845402e-06,1.57080451
