ES_energy,KE
0.000195290721,1.5706145
