ES_energy,KE
0.177562547,1.39375061
