ES_energy,KE
0.198793851,1.37222983
