ES_energy,KE
8.2116931e-06,1.57080124
