ES_energy,KE
0.141928656,1.42947002
