ES_energy,KE
0.136909555,1.43440198
