ES_energy,KE
0.0484271112,1.52242021
