ES_energy,KE
0.0879939548,1.48321286
