ES_energy,KE
0.000100338616,1.57070929
