ES_energy,KE
0.132950673,1.438338
