ES_energy,KE
0.00161175717,1.56919966
