ES_energy,KE
1.38211044e-06,1.57080806
