ES_energy,KE
0.227704208,1.34375122
