ES_energy,KE
0.212817049,1.35822528
