ES_energy,KE
0.207206254,1.36443926
