ES_energy,KE
1.10607939e-05,1.57079841
