ES_energy,KE
0.00188683556,1.56892501
