ES_energy,KE
1.33466318e-06,1.57080813
