ES_energy,KE
0.0886531789,1.48222447
