ES_energy,KE
0.118447589,1.45282522
