ES_energy,KE
4.91706726e-07,1.57080895
