ES_energy,KE
0.209413813,1.36215643
