ES_energy,KE
1.44632579e-05,1.57079504
