ES_energy,KE
0.112551912,1.45871252
