ES_energy,KE
4.93150238e-06,1.57080454
