ES_energy,KE
0.192731202,1.37883844
