ES_energy,KE
0.0599259545,1.51093081
