ES_energy,KE
6.39806929e-05,1.57074563
