ES_energy,KE
0.129188485,1.44204249
