ES_energy,KE
0.00432119915,1.56649334
