ES_energy,KE
0.17913703,1.39270001
