ES_energy,KE
4.85524362e-06,1.57080466
