ES_energy,KE
0.358097666,1.21352778
