ES_energy,KE
0.113402444,1.45783803
