ES_energy,KE
2.82125352e-06,1.57080666
