ES_energy,KE
5.09715102e-07,1.57080895
