ES_energy,KE
0.000836259318,1.5699744
