ES_energy,KE
1.41409954e-05,1.57079531
