ES_energy,KE
0.165002598,1.4062223
