ES_energy,KE
1.57568616e-06,1.57080789
