ES_energy,KE
0.127917386,1.44339896
