ES_energy,KE
0.00129399255,1.56951728
