ES_energy,KE
0.14483632,1.42651253
