ES_energy,KE
9.13008091e-06,1.57080038
