ES_energy,KE
1.92607161e-05,1.57079025
