ES_energy,KE
0.0901201479,1.48108166
