ES_energy,KE
0.000341022044,1.5704691
