ES_energy,KE
0.249762246,1.32170523
