ES_energy,KE
0.108494813,1.46272819
