ES_energy,KE
0.322250755,1.24955516
