ES_energy,KE
0.206879779,1.3647066
