ES_energy,KE
0.150048107,1.42129102
