ES_energy,KE
8.10288987e-06,1.57080135
