ES_energy,KE
0.0260112155,1.54482039
