ES_energy,KE
0.00272782111,1.56808479
