ES_energy,KE
0.000887536015,1.56992321
