ES_energy,KE
0.169084248,1.40231716
