ES_energy,KE
0.145480857,1.42572254
