ES_energy,KE
3.35269299e-06,1.57080611
