ES_energy,KE
0.126314024,1.44498505
