ES_energy,KE
0.00657232117,1.56424449
