ES_energy,KE
0.000536724934,1.57027368
