ES_energy,KE
0.140414527,1.43085928
