ES_energy,KE
0.143058901,1.42821122
