ES_energy,KE
0.186686201,1.38477184
