ES_energy,KE
7.46731414e-06,1.57080197
