ES_energy,KE
1.05199618e-05,1.57079895
