ES_energy,KE
0.0990989382,1.47211291
