ES_energy,KE
0.0126214008,1.55820029
