ES_energy,KE
8.27294087e-06,1.57080117
