ES_energy,KE
0.120613213,1.45061736
