ES_energy,KE
0.0155893668,1.55523445
