ES_energy,KE
0.00198578115,1.56882607
