ES_energy,KE
0.0891696297,1.48196829
