ES_energy,KE
0.293998363,1.27729961
