ES_energy,KE
0.361990414,1.2096515
