ES_energy,KE
0.194275707,1.37673693
