ES_energy,KE
0.0799566436,1.49091696
