ES_energy,KE
4.81833659e-06,1.57080465
