ES_energy,KE
0.200340592,1.37136436
