ES_energy,KE
0.114444754,1.45677645
