ES_energy,KE
4.7256743e-06,1.57080474
