ES_energy,KE
0.262499038,1.30910179
