ES_energy,KE
0.00412875353,1.5666855
