ES_energy,KE
0.157054393,1.41475054
