ES_energy,KE
5.03196594e-07,1.57080895
