ES_energy,KE
2.09225303e-05,1.57078861
