ES_energy,KE
0.000185213441,1.57062455
