ES_energy,KE
5.87302342e-08,1.57080938
