ES_energy,KE
0.206306325,1.36524417
