ES_energy,KE
1.37199373e-05,1.57079574
