ES_energy,KE
0.45778017,1.11501941
