ES_energy,KE
0.172295367,1.39897892
