ES_energy,KE
4.72973941e-06,1.57080479
