ES_energy,KE
8.05919477e-06,1.57080149
