ES_energy,KE
6.22701201e-06,1.57080323
