ES_energy,KE
8.28789025e-07,1.57080861
