ES_energy,KE
0.129952262,1.4413037
