ES_energy,KE
0.14003019,1.43127329
