ES_energy,KE
0.210679331,1.36090943
