ES_energy,KE
0.214148278,1.35728344
