ES_energy,KE
1.42665172e-06,1.57080803
