ES_energy,KE
0.241247846,1.33005776
