ES_energy,KE
0.288382817,1.28434519
