ES_energy,KE
0.00556882204,1.56524671
