ES_energy,KE
1.52424879e-05,1.5707942
