ES_energy,KE
0.244568356,1.32678082
