ES_energy,KE
6.10620375e-06,1.57080335
