ES_energy,KE
0.137080381,1.4343449
