ES_energy,KE
3.08156112e-06,1.5708064
