ES_energy,KE
0.204916106,1.36666791
