ES_energy,KE
0.135193115,1.43605312
