ES_energy,KE
0.000206201017,1.57060366
