ES_energy,KE
0.152378136,1.41904618
