ES_energy,KE
0.392371311,1.17946545
