ES_energy,KE
1.15701282e-05,1.57079794
