ES_energy,KE
0.107789972,1.46348337
