ES_energy,KE
0.143172831,1.4281851
