ES_energy,KE
0.0360120033,1.53482631
