ES_energy,KE
6.31748464e-06,1.57080315
