ES_energy,KE
0.336227848,1.23544362
