ES_energy,KE
0.248520368,1.32282784
