ES_energy,KE
4.17750482e-06,1.57080527
