ES_energy,KE
0.0401216162,1.53071992
