ES_energy,KE
0.169190093,1.40207323
