ES_energy,KE
0.274397382,1.29736875
