ES_energy,KE
0.00214139738,1.56867069
