ES_energy,KE
0.00219522842,1.56861683
