ES_energy,KE
0.131256692,1.4400166
