ES_energy,KE
0.162366461,1.40885462
