ES_energy,KE
8.55129037e-06,1.5708009
