ES_energy,KE
3.07732758e-05,1.57077873
