ES_energy,KE
4.28405929e-06,1.57080519
