ES_energy,KE
3.28638464e-06,1.57080618
