ES_energy,KE
0.163491554,1.40788582
