ES_energy,KE
0.00285931669,1.5679536
