ES_energy,KE
0.262195385,1.30920582
