ES_energy,KE
0.103159192,1.46806336
