ES_energy,KE
2.61898075e-06,1.57080684
