ES_energy,KE
0.000207548302,1.57060231
