ES_energy,KE
0.182563579,1.38911363
