ES_energy,KE
0.215191912,1.35620276
