ES_energy,KE
2.92737581e-05,1.57078031
