ES_energy,KE
0.0997222003,1.47143283
