ES_energy,KE
0.160194611,1.41106795
