ES_energy,KE
0.122758531,1.44851907
