ES_energy,KE
0.437895907,1.13398238
