ES_energy,KE
0.227107762,1.34426855
