ES_energy,KE
0.185491151,1.38551033
