ES_energy,KE
2.94077032e-05,1.57078009
