ES_energy,KE
0.000117421639,1.57069221
