ES_energy,KE
0.193020132,1.3783885
