ES_energy,KE
0.000139946457,1.57066973
