ES_energy,KE
0.361119445,1.21052902
