ES_energy,KE
0.253724048,1.31771198
