ES_energy,KE
0.00183864369,1.56897307
