ES_energy,KE
0.446647318,1.12529908
