ES_energy,KE
0.132416171,1.43889936
