ES_energy,KE
0.146436534,1.42489064
