ES_energy,KE
0.000552466094,1.57025791
