ES_energy,KE
0.130269705,1.44102326
