ES_energy,KE
0.153484424,1.41746593
