ES_energy,KE
0.414691303,1.15745445
