ES_energy,KE
0.147622873,1.4236864
