ES_energy,KE
0.237844795,1.33324892
