ES_energy,KE
0.361062485,1.21047968
