ES_energy,KE
0.257579026,1.31382865
