ES_energy,KE
0.256189932,1.31521488
