ES_energy,KE
0.147529698,1.42382133
