ES_energy,KE
0.125764937,1.44551071
