ES_energy,KE
0.13537453,1.43590842
