ES_energy,KE
0.20803433,1.36350704
