ES_energy,KE
0.192602764,1.3788852
