ES_energy,KE
0.146240831,1.42469535
