ES_energy,KE
3.78004817e-06,1.57080566
