ES_energy,KE
0.00112200426,1.56968902
