ES_energy,KE
0.13592717,1.43499613
