ES_energy,KE
0.1513961,1.41987997
