ES_energy,KE
4.57122342e-06,1.57080488
