ES_energy,KE
0.13973208,1.4316109
