ES_energy,KE
0.252677479,1.31897231
