ES_energy,KE
0.00544058065,1.56537501
