ES_energy,KE
3.39287961e-06,1.57080605
