ES_energy,KE
0.00975261501,1.56106678
