ES_energy,KE
0.135630168,1.43563714
