ES_energy,KE
2.06446452e-07,1.57080924
