ES_energy,KE
3.29130289e-07,1.57080912
