ES_energy,KE
0.250859529,1.32051597
