ES_energy,KE
0.219592542,1.35179065
