ES_energy,KE
0.263928917,1.30747595
