ES_energy,KE
0.000154117913,1.57065557
