ES_energy,KE
1.4582435e-06,1.57080801
