ES_energy,KE
0.0497404771,1.52110787
