ES_energy,KE
0.138301939,1.43303652
