ES_energy,KE
0.312305227,1.25905714
