ES_energy,KE
4.48764595e-06,1.57080496
