ES_energy,KE
2.85780822e-05,1.57078091
