ES_energy,KE
0.000172408657,1.57063729
