ES_energy,KE
0.0458985341,1.52494616
