ES_energy,KE
0.0524693054,1.5183809
