ES_energy,KE
0.065111071,1.50608887
