ES_energy,KE
0.0350505123,1.53578713
