ES_energy,KE
4.86364567e-06,1.57080458
