ES_energy,KE
1.04974375e-05,1.57079898
