ES_energy,KE
0.24726437,1.32409009
