ES_energy,KE
0.0631770604,1.50768048
