ES_energy,KE
7.02639427e-06,1.57080242
