ES_energy,KE
0.118637493,1.45259537
