ES_energy,KE
4.53503411e-06,1.57080493
