ES_energy,KE
0.228286519,1.34347952
