ES_energy,KE
2.53560011e-07,1.57080922
