ES_energy,KE
0.115540838,1.45566494
