ES_energy,KE
0.00254033495,1.56827222
