ES_energy,KE
0.449727868,1.12221499
