ES_energy,KE
0.00019330862,1.57061646
