ES_energy,KE
9.69740829e-07,1.5708085
