ES_energy,KE
0.353356031,1.21915516
