ES_energy,KE
0.407572379,1.16445791
