ES_energy,KE
0.282149752,1.28910817
