ES_energy,KE
0.255389755,1.31613165
