ES_energy,KE
5.79798816e-05,1.57075162
