ES_energy,KE
0.00452335884,1.56629121
