ES_energy,KE
0.113864588,1.45742004
