ES_energy,KE
0.181896849,1.38945115
