ES_energy,KE
0.368779734,1.20320263
