ES_energy,KE
0.210316584,1.3612684
