ES_energy,KE
0.000603179834,1.57020731
