ES_energy,KE
5.82523185e-06,1.57080371
