ES_energy,KE
0.0209439918,1.54988383
