ES_energy,KE
0.0380119916,1.53282707
