ES_energy,KE
1.66028586e-06,1.57080778
