ES_energy,KE
0.157215445,1.41373977
