ES_energy,KE
0.251283552,1.32005072
