ES_energy,KE
0.200346085,1.37106086
