ES_energy,KE
0.0446835794,1.52616147
