ES_energy,KE
0.0971882582,1.47395291
