ES_energy,KE
0.13094105,1.44032409
