ES_energy,KE
0.137687939,1.43359555
