ES_energy,KE
6.96128268e-06,1.57080248
