ES_energy,KE
0.236552187,1.33589862
