ES_energy,KE
3.53607344e-06,1.57080591
