ES_energy,KE
0.224844339,1.34707657
