ES_energy,KE
0.305219294,1.26641469
