ES_energy,KE
6.75217829e-06,1.57080279
