ES_energy,KE
0.000811863065,1.56999884
