ES_energy,KE
0.258818849,1.31252252
