ES_energy,KE
2.95185246e-05,1.57077997
