ES_energy,KE
0.217655503,1.3533942
