ES_energy,KE
0.455001813,1.11735548
