ES_energy,KE
0.189840296,1.38116355
