ES_energy,KE
9.70959009e-06,1.57079975
