ES_energy,KE
0.149388783,1.42191451
