ES_energy,KE
4.28057766e-06,1.57080517
