ES_energy,KE
1.73806097e-05,1.57079218
