ES_energy,KE
0.000148672363,1.570661
