ES_energy,KE
0.21031964,1.36118189
