ES_energy,KE
2.7396456e-05,1.57078209
