ES_energy,KE
0.00115477909,1.56965629
