ES_energy,KE
0.235914708,1.33542201
