ES_energy,KE
0.211587852,1.36014398
