ES_energy,KE
5.95656373e-07,1.57080887
