ES_energy,KE
1.52490179e-05,1.57079423
