ES_energy,KE
0.24403292,1.32735756
