ES_energy,KE
1.62697128e-07,1.57080928
