ES_energy,KE
0.231626893,1.33978287
