ES_energy,KE
0.12171545,1.44956077
