ES_energy,KE
0.272052132,1.3003816
