ES_energy,KE
0.148597073,1.42269073
