ES_energy,KE
0.196588807,1.37490653
