ES_energy,KE
9.00312004e-05,1.57071959
