ES_energy,KE
0.0659957187,1.50520221
