ES_energy,KE
2.58779512e-06,1.57080686
