ES_energy,KE
0.15762894,1.41357428
