ES_energy,KE
0.128788761,1.44249159
