ES_energy,KE
0.311140455,1.26055401
