ES_energy,KE
2.42022051e-07,1.57080921
