ES_energy,KE
0.135552284,1.43565111
