ES_energy,KE
0.195140269,1.37678991
