ES_energy,KE
0.210512234,1.36083666
