ES_energy,KE
0.198325012,1.37318288
