ES_energy,KE
1.08422651e-05,1.57079861
