ES_energy,KE
0.122010024,1.44922151
