ES_energy,KE
4.56780168e-06,1.57080488
