ES_energy,KE
1.05652967e-05,1.570799
