ES_energy,KE
1.52418407e-05,1.57079427
