ES_energy,KE
0.214469002,1.35686667
