ES_energy,KE
0.113203076,1.45807177
