ES_energy,KE
0.25195102,1.31951145
