ES_energy,KE
0.114210631,1.4570179
