ES_energy,KE
0.120427974,1.45080375
