ES_energy,KE
2.52200673e-06,1.57080692
