ES_energy,KE
0.17494152,1.39628366
