ES_energy,KE
0.256043998,1.31674496
