ES_energy,KE
1.37932472e-05,1.57079567
