ES_energy,KE
0.00140674566,1.56940444
