ES_energy,KE
0.164243855,1.40697483
