ES_energy,KE
2.03838649e-06,1.5708074
