ES_energy,KE
4.61528827e-06,1.5708049
