ES_energy,KE
0.361045248,1.21118551
