ES_energy,KE
0.178354532,1.39366357
