ES_energy,KE
0.15580335,1.41541517
