ES_energy,KE
0.207140835,1.3647081
