ES_energy,KE
0.0140207591,1.55680212
