ES_energy,KE
3.34228018e-06,1.57080613
