ES_energy,KE
0.189662564,1.38181157
