ES_energy,KE
1.89604816e-06,1.57080755
