ES_energy,KE
0.0731522871,1.49804257
