ES_energy,KE
0.125525609,1.44573375
