ES_energy,KE
0.456270238,1.11566288
