ES_energy,KE
1.54094388e-05,1.57079405
