ES_energy,KE
0.267604574,1.30482807
