ES_energy,KE
0.276332735,1.29489834
