ES_energy,KE
0.222576878,1.34848061
