ES_energy,KE
0.022107757,1.54872078
