ES_energy,KE
0.0648657314,1.50599409
