ES_energy,KE
0.126249209,1.44466747
