ES_energy,KE
0.000406568282,1.57040365
