ES_energy,KE
0.124722995,1.44649466
