ES_energy,KE
0.127149123,1.44411851
