ES_energy,KE
0.061531463,1.50932581
