ES_energy,KE
0.220706889,1.35075944
