ES_energy,KE
0.181217464,1.38977758
