ES_energy,KE
3.93644545e-07,1.57080909
