ES_energy,KE
0.161242867,1.40997223
