ES_energy,KE
0.163780624,1.40777205
