ES_energy,KE
7.94002216e-06,1.5708015
