ES_energy,KE
0.0693094818,1.50189542
