ES_energy,KE
0.163392827,1.40783988
