ES_energy,KE
0.00343986337,1.56737366
