ES_energy,KE
0.210718039,1.36087914
