ES_energy,KE
0.0932044667,1.47793193
