ES_energy,KE
0.103332162,1.46756787
