ES_energy,KE
0.00798241184,1.56283552
