ES_energy,KE
0.000659119443,1.57015143
