ES_energy,KE
5.89963295e-06,1.57080362
