ES_energy,KE
9.75486073e-07,1.5708085
