ES_energy,KE
4.52320269e-06,1.57080502
