ES_energy,KE
0.454832045,1.11701439
