ES_energy,KE
5.64970689e-06,1.57080389
