ES_energy,KE
9.94010584e-06,1.57079951
