ES_energy,KE
0.0119796824,1.55884146
