ES_energy,KE
0.00174531769,1.56906631
