ES_energy,KE
4.63906915e-06,1.57080483
