ES_energy,KE
0.000226649375,1.57058327
