ES_energy,KE
0.166499781,1.40471867
