ES_energy,KE
0.225543315,1.34582835
