ES_energy,KE
2.74985493e-06,1.57080673
