ES_energy,KE
0.160171449,1.41105514
