ES_energy,KE
8.12745704e-06,1.57080132
