ES_energy,KE
2.28830616e-05,1.5707866
