ES_energy,KE
0.0341143927,1.53672279
