ES_energy,KE
0.165560895,1.40585821
