ES_energy,KE
3.9084345e-07,1.57080907
