ES_energy,KE
0.146568026,1.42478292
