ES_energy,KE
0.150899292,1.42042087
