ES_energy,KE
0.190127517,1.38118052
