ES_energy,KE
0.0739518495,1.49691537
