ES_energy,KE
0.178348015,1.39294419
