ES_energy,KE
0.00336221834,1.56745127
