ES_energy,KE
0.141232496,1.43000509
