ES_energy,KE
0.142264415,1.42907635
