ES_energy,KE
1.83622864e-06,1.57080765
