ES_energy,KE
6.0383949e-06,1.57080341
