ES_energy,KE
0.210431262,1.36113886
