ES_energy,KE
0.00611866179,1.56469746
