ES_energy,KE
0.138234614,1.43304152
