ES_energy,KE
0.233534543,1.33786095
