ES_energy,KE
1.2657601e-05,1.57079692
