ES_energy,KE
0.450144172,1.12186406
