ES_energy,KE
0.0651835703,1.5060093
