ES_energy,KE
0.00203668752,1.56877529
