ES_energy,KE
0.0746923953,1.49650843
