ES_energy,KE
6.29533837e-06,1.57080316
