ES_energy,KE
0.208580899,1.36298603
