ES_energy,KE
0.0113738554,1.5594467
