ES_energy,KE
0.308882148,1.26445462
