ES_energy,KE
0.0971786361,1.47403781
