ES_energy,KE
0.189639337,1.38189659
