ES_energy,KE
0.157423711,1.41405626
