ES_energy,KE
4.16687269e-06,1.57080532
