ES_energy,KE
0.384319868,1.18808667
