ES_energy,KE
0.0510879458,1.51976164
