ES_energy,KE
0.201508932,1.37011588
