ES_energy,KE
0.241760087,1.32960357
