ES_energy,KE
8.19735312e-06,1.57080125
