ES_energy,KE
0.122894901,1.44836111
