ES_energy,KE
9.71007759e-06,1.57079974
