ES_energy,KE
8.20340922e-06,1.57080126
