ES_energy,KE
0.318527214,1.25285017
