ES_energy,KE
7.97269925e-06,1.57080147
