ES_energy,KE
0.452843584,1.11908767
