ES_energy,KE
0.247075827,1.32438525
