ES_energy,KE
0.131140815,1.44008513
