ES_energy,KE
0.340214611,1.23136404
