ES_energy,KE
0.154444032,1.41690137
