ES_energy,KE
0.0538863073,1.51696475
