ES_energy,KE
0.000187756456,1.57062199
