ES_energy,KE
4.55199546e-06,1.57080497
