ES_energy,KE
0.0945316973,1.47667634
