ES_energy,KE
0.152403385,1.41927857
