ES_energy,KE
0.157999772,1.41335365
