ES_energy,KE
0.207425569,1.36419624
