ES_energy,KE
0.446574987,1.12555195
