ES_energy,KE
0.150103542,1.42121342
