ES_energy,KE
0.00723784067,1.56357949
