ES_energy,KE
0.21929568,1.35215807
