ES_energy,KE
0.403030806,1.168758
