ES_energy,KE
0.362413916,1.20920748
