ES_energy,KE
0.121846979,1.44943866
