ES_energy,KE
0.137142747,1.43413547
