ES_energy,KE
0.155417106,1.41596708
