ES_energy,KE
0.0568307589,1.51402298
