ES_energy,KE
0.137215104,1.43403296
