ES_energy,KE
0.127338537,1.44391336
