ES_energy,KE
0.000219730755,1.57059016
