ES_energy,KE
0.123425937,1.44783899
