ES_energy,KE
0.149120571,1.42220967
