ES_energy,KE
0.151781254,1.41951285
