ES_energy,KE
0.13911791,1.43219177
