ES_energy,KE
0.0042239709,1.56659053
