ES_energy,KE
1.12149053e-05,1.57079835
