ES_energy,KE
0.00022931765,1.57058061
