ES_energy,KE
0.164390297,1.40716198
