ES_energy,KE
0.293063809,1.27838778
