ES_energy,KE
0.208471906,1.36302985
