ES_energy,KE
0.132502882,1.43878461
