ES_energy,KE
0.241238872,1.33024144
