ES_energy,KE
0.000998683921,1.56981222
