ES_energy,KE
0.0160101169,1.55481374
