ES_energy,KE
0.12695225,1.44426389
