ES_energy,KE
0.000166224906,1.57064348
