ES_energy,KE
0.214382711,1.3570865
