ES_energy,KE
0.000194321955,1.57061545
