ES_energy,KE
2.68301874e-06,1.57080677
