ES_energy,KE
0.13963956,1.43155524
