ES_energy,KE
7.01964894e-05,1.57073942
