ES_energy,KE
5.65775875e-06,1.57080382
