ES_energy,KE
3.57072235e-06,1.57080588
