ES_energy,KE
0.0701844657,1.50067998
