ES_energy,KE
0.249276601,1.32223323
