ES_energy,KE
0.112310379,1.45894955
