ES_energy,KE
0.282271043,1.28916606
