ES_energy,KE
0.353568446,1.2181013
