ES_energy,KE
2.79703398e-05,1.57078152
