ES_energy,KE
1.29604144e-05,1.5707965
