ES_energy,KE
0.217772429,1.3536755
