ES_energy,KE
0.207796521,1.36382299
