ES_energy,KE
0.110205182,1.4610467
