ES_energy,KE
2.57704282e-05,1.57078381
