ES_energy,KE
0.123441535,1.44777794
