ES_energy,KE
0.0954473956,1.47576694
