ES_energy,KE
0.000191162763,1.57061863
