ES_energy,KE
0.0253146025,1.54551608
