ES_energy,KE
0.0967980118,1.47441009
