ES_energy,KE
0.137935327,1.43336192
