ES_energy,KE
0.168764472,1.40296918
