ES_energy,KE
0.009040727,1.56177808
