ES_energy,KE
0.00313770166,1.56767545
