ES_energy,KE
0.397014103,1.17506997
