ES_energy,KE
0.25510274,1.31636089
