ES_energy,KE
0.117175586,1.45401082
