ES_energy,KE
0.210014144,1.36154469
