ES_energy,KE
6.46040169e-06,1.57080299
