ES_energy,KE
2.0464824e-06,1.57080743
