ES_energy,KE
0.208773735,1.3629258
