ES_energy,KE
1.4936534e-05,1.57079452
