ES_energy,KE
4.29328788e-06,1.57080517
