ES_energy,KE
4.8064726e-06,1.57080473
