ES_energy,KE
0.233619285,1.33784967
