ES_energy,KE
0.089360945,1.48177975
