ES_energy,KE
0.231680672,1.34010073
