ES_energy,KE
0.139226689,1.43201558
