ES_energy,KE
7.66595199e-05,1.57073296
