ES_energy,KE
0.133452411,1.43775551
