ES_energy,KE
0.00759973136,1.5632178
