ES_energy,KE
0.00236297978,1.56844945
