ES_energy,KE
0.135715129,1.43563416
