ES_energy,KE
4.71605297e-06,1.57080474
