ES_energy,KE
0.212395872,1.35923829
