ES_energy,KE
0.00462843846,1.56618639
