ES_energy,KE
0.203329197,1.36828921
