ES_energy,KE
0.0922968042,1.47890233
