ES_energy,KE
5.57684159e-06,1.57080386
