ES_energy,KE
0.175511813,1.39636677
