ES_energy,KE
5.46424579e-06,1.57080407
