ES_energy,KE
0.177724685,1.39366421
