ES_energy,KE
0.137442843,1.4338548
