ES_energy,KE
0.13603086,1.43532201
