ES_energy,KE
7.66677887e-06,1.57080188
