ES_energy,KE
0.000969741118,1.56984108
