ES_energy,KE
2.97811886e-05,1.57077971
