ES_energy,KE
0.207044411,1.36450412
