ES_energy,KE
0.260852778,1.31051679
