ES_energy,KE
0.0909571309,1.47992064
