ES_energy,KE
0.000107218414,1.57070242
