ES_energy,KE
0.357090056,1.2145191
