ES_energy,KE
0.150028128,1.42139187
