ES_energy,KE
0.000196282399,1.57061353
