ES_energy,KE
0.0779072393,1.49296437
