ES_energy,KE
0.150019248,1.42173524
