ES_energy,KE
4.7230614e-07,1.57080899
