ES_energy,KE
0.212866466,1.35886095
