ES_energy,KE
0.164290616,1.40692779
