ES_energy,KE
0.330286861,1.24123373
