ES_energy,KE
0.0116720424,1.55914844
