ES_energy,KE
0.121504167,1.44967499
