ES_energy,KE
0.0933178,1.47756257
