ES_energy,KE
2.37498638e-05,1.57078573
