ES_energy,KE
0.0239790611,1.54685119
