ES_energy,KE
0.000429004245,1.57038127
