ES_energy,KE
0.000286254263,1.5705238
