ES_energy,KE
0.00156905094,1.56924232
