ES_energy,KE
0.150967987,1.42034785
