ES_energy,KE
5.9366574e-06,1.57080351
