ES_energy,KE
0.288036773,1.28324119
