ES_energy,KE
0.0903938651,1.48078799
