ES_energy,KE
4.65865302e-06,1.57080482
