ES_energy,KE
0.197303787,1.37428438
