ES_energy,KE
0.000639752107,1.57017072
