ES_energy,KE
0.000396095784,1.57041413
