ES_energy,KE
7.28954224e-06,1.57080225
