ES_energy,KE
2.16865315e-05,1.57078781
