ES_energy,KE
0.000133760861,1.57067589
