ES_energy,KE
0.000180992832,1.57062873
