ES_energy,KE
0.16926121,1.40201224
