ES_energy,KE
0.0151801747,1.55564336
