ES_energy,KE
0.361932652,1.20962392
