ES_energy,KE
1.89292356e-06,1.57080758
