ES_energy,KE
0.192948552,1.37836044
