ES_energy,KE
7.35226738e-06,1.5708021
