ES_energy,KE
0.0193163413,1.55151074
