ES_energy,KE
0.120962382,1.45032129
