ES_energy,KE
0.209150676,1.36233638
