ES_energy,KE
0.432986862,1.13911026
