ES_energy,KE
0.158839134,1.41238296
