ES_energy,KE
0.00442097807,1.56639358
