ES_energy,KE
1.89334316e-07,1.57080928
