ES_energy,KE
7.67914831e-06,1.57080176
