ES_energy,KE
0.117899318,1.45331753
