ES_energy,KE
0.000585776309,1.57022468
