ES_energy,KE
0.212696125,1.35867381
