ES_energy,KE
0.0682851253,1.50292485
