ES_energy,KE
0.160268362,1.4113837
