ES_energy,KE
0.0759061471,1.49496359
