ES_energy,KE
3.46103491e-07,1.57080911
