ES_energy,KE
0.0842005027,1.48667343
