ES_energy,KE
0.158684973,1.41252025
