ES_energy,KE
6.50437236e-06,1.57080301
