ES_energy,KE
1.3305933e-05,1.57079616
