ES_energy,KE
0.000492684833,1.57031764
