ES_energy,KE
0.32536913,1.24613377
