ES_energy,KE
0.210977451,1.3606779
