ES_energy,KE
0.0143962727,1.55642684
