ES_energy,KE
0.121065812,1.45017897
