ES_energy,KE
1.46532155e-05,1.5707948
