ES_energy,KE
0.151959633,1.4192294
