ES_energy,KE
0.00641686638,1.56439975
