ES_energy,KE
0.166215441,1.40504742
