ES_energy,KE
0.036998563,1.53383986
