ES_energy,KE
0.22860811,1.34275753
