ES_energy,KE
0.135769088,1.4355845
