ES_energy,KE
0.157505656,1.41420927
