ES_energy,KE
7.86069461e-06,1.57080158
