ES_energy,KE
0.117492912,1.4537378
