ES_energy,KE
0.102587873,1.46857546
