ES_energy,KE
1.29988107e-05,1.57079647
