ES_energy,KE
0.150815213,1.42041395
