ES_energy,KE
0.027461306,1.54337105
