ES_energy,KE
0.00403557946,1.56677855
