ES_energy,KE
1.14007308e-05,1.57079806
