ES_energy,KE
9.60324593e-06,1.57079987
