ES_energy,KE
1.36951661e-05,1.57079579
