ES_energy,KE
4.64184744e-07,1.57080899
