ES_energy,KE
2.85604648e-07,1.57080917
