ES_energy,KE
0.227583565,1.34348491
