ES_energy,KE
0.347520685,1.22409534
