ES_energy,KE
0.180238916,1.39151629
