ES_energy,KE
1.05147837e-07,1.57080934
