ES_energy,KE
0.2459411,1.32541175
