ES_energy,KE
0.000156704121,1.57065299
