ES_energy,KE
0.42706818,1.14502942
