ES_energy,KE
0.119728734,1.45150808
