ES_energy,KE
1.02899132e-05,1.57079921
