ES_energy,KE
1.52749255e-05,1.57079418
