ES_energy,KE
0.432938361,1.13950233
