ES_energy,KE
0.00266427595,1.56814845
