ES_energy,KE
3.31102428e-05,1.57077647
