ES_energy,KE
0.000176089357,1.57063364
