ES_energy,KE
0.00230603429,1.56850628
