ES_energy,KE
2.12357635e-06,1.57080734
