ES_energy,KE
1.34585921e-05,1.5707961
