ES_energy,KE
0.209241965,1.36250653
