ES_energy,KE
0.133642848,1.43763128
