ES_energy,KE
0.0649933048,1.50619289
