ES_energy,KE
0.0720456287,1.49882052
