ES_energy,KE
0.183696181,1.38774487
