ES_energy,KE
0.0173475155,1.55347781
