ES_energy,KE
0.255552887,1.31587098
