ES_energy,KE
0.270599867,1.30061074
