ES_energy,KE
3.73894362e-06,1.57080572
