ES_energy,KE
0.150355578,1.42116139
