ES_energy,KE
0.12940622,1.44151236
