ES_energy,KE
1.14091738e-05,1.57079806
