ES_energy,KE
1.53326607e-05,1.57079412
