ES_energy,KE
0.160692795,1.41090204
