ES_energy,KE
0.0198438028,1.55098343
