ES_energy,KE
5.51202656e-05,1.57075448
