ES_energy,KE
1.5075476e-07,1.5708093
