ES_energy,KE
4.23533253e-07,1.57080902
