ES_energy,KE
0.150887638,1.42041012
