ES_energy,KE
5.61126329e-06,1.57080386
