ES_energy,KE
0.265848974,1.30551609
