ES_energy,KE
6.64617704e-06,1.5708028
