ES_energy,KE
0.0102620146,1.56055766
