ES_energy,KE
0.215440926,1.35604139
