ES_energy,KE
0.0685547412,1.50264566
