ES_energy,KE
0.127223353,1.44401988
