ES_energy,KE
0.00016400113,1.5706457
