ES_energy,KE
0.2221424,1.34936967
