ES_energy,KE
0.258968115,1.31244452
