ES_energy,KE
0.162489494,1.40874598
