ES_energy,KE
0.00818229459,1.56263573
