ES_energy,KE
1.88637987e-06,1.57080757
