ES_energy,KE
1.91858851e-05,1.57079029
