ES_energy,KE
5.29844531e-06,1.57080424
