ES_energy,KE
1.33150136e-05,1.57079616
