ES_energy,KE
3.11418288e-05,1.57077844
