ES_energy,KE
0.123634376,1.44759533
