ES_energy,KE
3.80243751e-06,1.57080566
