ES_energy,KE
0.0925279417,1.47870099
