ES_energy,KE
0.00321111333,1.56760217
