ES_energy,KE
0.303960161,1.26741358
