ES_energy,KE
7.99344128e-07,1.57080865
