ES_energy,KE
1.51265292e-05,1.57079433
