ES_energy,KE
0.152061241,1.41928966
