ES_energy,KE
6.70532018e-05,1.57074255
