ES_energy,KE
8.92017213e-06,1.57080063
