ES_energy,KE
0.00170007739,1.56911165
