ES_energy,KE
0.294716874,1.27813014
