ES_energy,KE
0.119986033,1.45124086
