ES_energy,KE
0.14711448,1.42412095
