ES_energy,KE
0.25310024,1.31831537
