ES_energy,KE
0.145184719,1.42604954
