ES_energy,KE
3.00987641e-05,1.5707794
