ES_energy,KE
0.0898382886,1.48129809
