ES_energy,KE
0.00179149802,1.56902014
