ES_energy,KE
1.12895145e-06,1.57080834
