ES_energy,KE
0.16139762,1.40984052
