ES_energy,KE
0.180689829,1.39071408
