ES_energy,KE
0.241854068,1.33064964
