ES_energy,KE
0.0332023968,1.53763384
