ES_energy,KE
0.0799845051,1.49124552
