ES_energy,KE
0.216400181,1.35501164
