ES_energy,KE
0.210745575,1.3609924
