ES_energy,KE
0.231554252,1.33980137
