ES_energy,KE
0.000190048747,1.57061972
