ES_energy,KE
0.211774031,1.35970172
