ES_energy,KE
0.338599957,1.23480348
