ES_energy,KE
0.00136830163,1.56944289
