ES_energy,KE
0.00473591818,1.56607915
