ES_energy,KE
0.0698573608,1.50135239
