ES_energy,KE
0.203847356,1.36768922
