ES_energy,KE
0.298494145,1.27290653
