ES_energy,KE
0.166257713,1.40512627
