ES_energy,KE
0.114083108,1.45715468
