ES_energy,KE
0.316171894,1.25725772
