ES_energy,KE
4.47819628e-06,1.57080496
