ES_energy,KE
4.93248763e-06,1.57080461
