ES_energy,KE
0.00368420861,1.5671296
