ES_energy,KE
0.26694341,1.30443042
