ES_energy,KE
0.147786873,1.42363004
