ES_energy,KE
0.151495744,1.41984101
