ES_energy,KE
0.0655181213,1.50567747
