ES_energy,KE
3.01906496e-05,1.5707793
