ES_energy,KE
0.208063142,1.3629743
