ES_energy,KE
4.46299588e-06,1.57080507
