ES_energy,KE
0.240315364,1.33104572
