ES_energy,KE
5.3660025e-06,1.57080411
