ES_energy,KE
0.253867094,1.31728566
