ES_energy,KE
0.235666243,1.33580886
