ES_energy,KE
0.0917465881,1.47938962
