ES_energy,KE
0.14424969,1.42708664
