ES_energy,KE
9.41760773e-06,1.57080015
