ES_energy,KE
1.85708684e-05,1.57079099
