ES_energy,KE
1.23701711e-05,1.5707971
