ES_energy,KE
0.199473475,1.37213328
