ES_energy,KE
0.0147824803,1.55604072
