ES_energy,KE
0.00583685942,1.56497923
