ES_energy,KE
2.54634109e-05,1.57078403
