ES_energy,KE
1.28437727e-05,1.5707966
