ES_energy,KE
0.12577014,1.44552287
