ES_energy,KE
0.120082141,1.45120643
