ES_energy,KE
0.000280736777,1.57052932
