ES_energy,KE
1.09156561e-05,1.57079859
