ES_energy,KE
0.131675951,1.43962845
