ES_energy,KE
0.198398597,1.37292991
