ES_energy,KE
0.0717428389,1.49945166
