ES_energy,KE
0.000452996687,1.57035729
