ES_energy,KE
0.177025259,1.39396535
