ES_energy,KE
0.147348611,1.42386424
