ES_energy,KE
0.00859952911,1.56221898
