ES_energy,KE
0.327296268,1.24452701
