ES_energy,KE
0.166057582,1.40516938
