ES_energy,KE
0.214778723,1.35658937
