ES_energy,KE
1.40652906e-05,1.57079538
