ES_energy,KE
0.042342294,1.52849992
