ES_energy,KE
0.377529749,1.1947086
