ES_energy,KE
3.68487742e-06,1.57080578
