ES_energy,KE
4.20399522e-07,1.57080902
