ES_energy,KE
0.355903887,1.21563106
