ES_energy,KE
2.19865403e-05,1.57078749
