ES_energy,KE
1.59862138e-06,1.57080785
