ES_energy,KE
0.00881704351,1.56200177
