ES_energy,KE
0.177356288,1.39433385
