ES_energy,KE
0.195065354,1.37652668
