ES_energy,KE
0.0314505871,1.53938456
