ES_energy,KE
4.20121068e-05,1.57076758
