ES_energy,KE
0.000170435351,1.57063928
