ES_energy,KE
0.18652754,1.38469779
