ES_energy,KE
7.35343395e-07,1.57080872
