ES_energy,KE
0.230480575,1.34096315
