ES_energy,KE
2.24359274e-06,1.57080721
