ES_energy,KE
0.164909332,1.40605973
