ES_energy,KE
0.00597614892,1.56484017
