ES_energy,KE
3.05495747e-05,1.57077895
