ES_energy,KE
0.000142919487,1.57066676
