ES_energy,KE
5.67847294e-06,1.57080376
