ES_energy,KE
0.00531584585,1.56549993
