ES_energy,KE
0.11700552,1.45427041
