ES_energy,KE
0.000941663078,1.56986914
