ES_energy,KE
4.39542337e-06,1.57080506
