ES_energy,KE
0.252901014,1.31855961
