ES_energy,KE
0.192320489,1.37894498
