ES_energy,KE
7.87048622e-06,1.5708016
