ES_energy,KE
1.27440567e-06,1.57080819
