ES_energy,KE
1.02669254e-05,1.57079918
