ES_energy,KE
0.225217195,1.34624449
