ES_energy,KE
0.160757735,1.41060059
