ES_energy,KE
0.145708133,1.42573699
