ES_energy,KE
0.138405476,1.43286789
