ES_energy,KE
7.15632634e-06,1.57080229
