ES_energy,KE
0.20684803,1.3647595
