ES_energy,KE
0.415024542,1.15660556
