ES_energy,KE
0.137611073,1.43358349
