ES_energy,KE
0.000465696673,1.57034462
