ES_energy,KE
0.201129124,1.37041422
