ES_energy,KE
0.000232108685,1.57057781
