ES_energy,KE
0.137245516,1.43410367
