ES_energy,KE
0.113088139,1.45809246
