ES_energy,KE
6.29101516e-07,1.57080882
