ES_energy,KE
0.24844614,1.32268768
