ES_energy,KE
0.000238154065,1.5705718
