ES_energy,KE
0.207574606,1.36419972
