ES_energy,KE
0.13517839,1.43611104
