ES_energy,KE
0.0674524541,1.50373656
