ES_energy,KE
0.000357825221,1.57045231
