ES_energy,KE
1.71664154e-06,1.57080774
