ES_energy,KE
0.124110366,1.44714919
