ES_energy,KE
0.186330225,1.38503491
