ES_energy,KE
0.113949329,1.4572668
