ES_energy,KE
2.10189723e-06,1.57080734
