ES_energy,KE
0.457342469,1.11499229
