ES_energy,KE
4.70130318e-05,1.57076259
