ES_energy,KE
1.72057446e-05,1.57079227
