ES_energy,KE
0.000159221607,1.57065048
