ES_energy,KE
0.255925425,1.31548598
