ES_energy,KE
2.11981969e-05,1.57078837
