ES_energy,KE
1.18598273e-06,1.57080828
