ES_energy,KE
0.120129263,1.45077622
