ES_energy,KE
0.230932303,1.3413532
