ES_energy,KE
0.0100038731,1.56081593
