ES_energy,KE
0.358046291,1.21349042
