ES_energy,KE
3.98303038e-06,1.5708055
