ES_energy,KE
0.154846165,1.41660179
