ES_energy,KE
0.246907101,1.3256543
