ES_energy,KE
0.136453385,1.43481887
