ES_energy,KE
0.136007892,1.43538178
