ES_energy,KE
1.15695045e-05,1.57079789
