ES_energy,KE
0.150811504,1.42085343
