ES_energy,KE
0.165617804,1.40561281
