ES_energy,KE
0.277179786,1.29546302
