ES_energy,KE
0.127286102,1.4439956
