ES_energy,KE
0.160009339,1.41119859
