ES_energy,KE
1.01603104e-06,1.57080845
