ES_energy,KE
0.0897039282,1.48145597
