ES_energy,KE
8.32684803e-05,1.57072634
