ES_energy,KE
0.18134421,1.38995379
