ES_energy,KE
8.59585212e-06,1.57080091
