ES_energy,KE
0.254442351,1.31698756
