ES_energy,KE
0.000130598924,1.57067906
