ES_energy,KE
0.421105234,1.1507479
