ES_energy,KE
1.53144392e-05,1.57079426
