ES_energy,KE
0.00020141654,1.57060841
