ES_energy,KE
0.35977177,1.21177169
