ES_energy,KE
0.115977692,1.45527578
