ES_energy,KE
1.84329641e-05,1.57079107
