ES_energy,KE
0.00193589291,1.56887597
