ES_energy,KE
1.13877353e-05,1.57079807
