ES_energy,KE
0.384374137,1.18734274
