ES_energy,KE
2.90672095e-05,1.57078042
