ES_energy,KE
0.180725664,1.39048531
