ES_energy,KE
1.8206611e-05,1.57079128
