ES_energy,KE
0.0654206099,1.50578619
