ES_energy,KE
0.114104418,1.45711132
