ES_energy,KE
0.0267266382,1.5441055
