ES_energy,KE
0.21444036,1.35716867
