ES_energy,KE
9.71135312e-07,1.57080851
