ES_energy,KE
0.0649684013,1.5062223
