ES_energy,KE
0.000270453088,1.57053958
