ES_energy,KE
0.408975743,1.16260379
