ES_energy,KE
3.10779331e-07,1.57080914
