ES_energy,KE
0.00242082284,1.56839147
