ES_energy,KE
0.265825056,1.30571491
