ES_energy,KE
7.22732701e-06,1.57080222
