ES_energy,KE
0.145014246,1.42634159
