ES_energy,KE
0.167687227,1.40399443
