ES_energy,KE
0.216778917,1.35459349
