ES_energy,KE
0.000204937157,1.57060489
