ES_energy,KE
4.28482257e-06,1.57080518
