ES_energy,KE
0.175324961,1.39595413
