ES_energy,KE
0.35981643,1.2118261
