ES_energy,KE
0.0188026334,1.5520235
