ES_energy,KE
0.000224187171,1.57058573
