ES_energy,KE
4.65966664e-06,1.5708049
