ES_energy,KE
0.287003845,1.28477526
