ES_energy,KE
0.145337868,1.42598945
