ES_energy,KE
0.205951104,1.3654047
