ES_energy,KE
0.171932933,1.39946685
