ES_energy,KE
1.43790544e-05,1.57079507
