ES_energy,KE
4.71539182e-06,1.57080476
