ES_energy,KE
0.248748364,1.32265908
