ES_energy,KE
4.08913495e-06,1.57080536
