ES_energy,KE
0.00927102796,1.56154767
