ES_energy,KE
0.255049825,1.31637268
