ES_energy,KE
2.68098613e-05,1.57078268
