ES_energy,KE
2.25960711e-06,1.5708072
