ES_energy,KE
0.256755487,1.31465929
