ES_energy,KE
0.0282163882,1.5426164
