ES_energy,KE
0.218674391,1.35269303
