ES_energy,KE
0.119931062,1.45132753
