ES_energy,KE
0.0938890175,1.47732667
