ES_energy,KE
0.219575159,1.35190733
