ES_energy,KE
3.95543477e-06,1.57080548
