ES_energy,KE
1.62256065e-05,1.57079325
