ES_energy,KE
0.119166403,1.45205991
