ES_energy,KE
2.24674581e-05,1.57078703
