ES_energy,KE
0.135120985,1.43615715
