ES_energy,KE
0.108684713,1.462218
