ES_energy,KE
2.33901518e-06,1.57080711
