ES_energy,KE
0.256345537,1.31504995
