ES_energy,KE
0.134129692,1.43715987
