ES_energy,KE
0.066572137,1.50462321
