ES_energy,KE
0.265052408,1.30642655
