ES_energy,KE
0.120183153,1.4510335
