ES_energy,KE
0.00328600092,1.56752739
