ES_energy,KE
0.255604245,1.31585588
