ES_energy,KE
7.61919535e-06,1.57080184
