ES_energy,KE
0.343994078,1.22749611
