ES_energy,KE
0.362391937,1.20920059
