ES_energy,KE
0.114969469,1.45626321
