ES_energy,KE
0.135395031,1.43586254
