ES_energy,KE
4.04673496e-06,1.5708054
