ES_energy,KE
0.343466172,1.22815201
