ES_energy,KE
0.122469027,1.44875197
