ES_energy,KE
0.337529315,1.2339096
