ES_energy,KE
0.209586273,1.36213377
