ES_energy,KE
0.217889735,1.35371493
