ES_energy,KE
0.117870239,1.45333877
