ES_energy,KE
0.224385107,1.34695967
