ES_energy,KE
0.129153876,1.44206428
