ES_energy,KE
0.182969236,1.38877921
