ES_energy,KE
0.0553411419,1.5155123
