ES_energy,KE
0.024637309,1.54619287
