ES_energy,KE
0.133097211,1.43817076
