ES_energy,KE
0.244460715,1.32702084
