ES_energy,KE
0.0297900508,1.54104403
