ES_energy,KE
1.34034077e-05,1.57079606
