ES_energy,KE
0.123154406,1.44775492
