ES_energy,KE
0.00689544319,1.56392142
