ES_energy,KE
0.250904969,1.32056454
