ES_energy,KE
1.19096161e-05,1.57079754
