ES_energy,KE
2.22628558e-07,1.57080922
