ES_energy,KE
2.32413973e-05,1.57078626
