ES_energy,KE
5.19129394e-06,1.57080434
