ES_energy,KE
0.209892621,1.3617623
