ES_energy,KE
0.324801905,1.24658823
