ES_energy,KE
0.00838776006,1.5624302
