ES_energy,KE
0.0950103505,1.47611804
