ES_energy,KE
0.144349585,1.42692541
