ES_energy,KE
0.000203758,1.57060608
