ES_energy,KE
0.115760607,1.45552223
