ES_energy,KE
0.224669424,1.34690276
