ES_energy,KE
0.000199351677,1.57061045
