ES_energy,KE
1.25604538e-05,1.5707969
