ES_energy,KE
0.000386008598,1.57042419
