ES_energy,KE
0.229326095,1.34219686
