ES_energy,KE
2.84981618e-05,1.57078099
