ES_energy,KE
3.06032374e-05,1.57077889
