ES_energy,KE
0.140344082,1.43104751
