ES_energy,KE
0.2431729,1.32818165
