ES_energy,KE
0.000127372008,1.57068228
