ES_energy,KE
0.000179419813,1.57063031
