ES_energy,KE
1.62294519e-06,1.57080784
