ES_energy,KE
8.79499301e-06,1.57080067
