ES_energy,KE
1.21474652e-05,1.57079734
