ES_energy,KE
1.90660656e-07,1.57080926
