ES_energy,KE
3.74324688e-06,1.5708057
