ES_energy,KE
1.43646288e-05,1.57079521
