ES_energy,KE
0.249725254,1.32163315
