ES_energy,KE
0.20650798,1.36499848
