ES_energy,KE
1.51163716e-05,1.57079435
