ES_energy,KE
0.000145838925,1.57066384
