ES_energy,KE
0.138127517,1.43314816
