ES_energy,KE
0.206797549,1.36479428
