ES_energy,KE
0.20826856,1.36307867
