ES_energy,KE
0.00394446608,1.56686958
