ES_energy,KE
1.54775221e-06,1.57080791
