ES_energy,KE
7.4162128e-06,1.57080203
