ES_energy,KE
0.00015145882,1.57065824
