ES_energy,KE
0.139467727,1.43184689
