ES_energy,KE
0.323571444,1.24990979
