ES_energy,KE
0.190375791,1.38119785
