ES_energy,KE
0.210067308,1.36153063
