ES_energy,KE
9.18481759e-06,1.57080027
