ES_energy,KE
0.2326742,1.33840756
