ES_energy,KE
4.46779283e-07,1.57080901
