ES_energy,KE
0.000325458543,1.57048465
