ES_energy,KE
0.00306598399,1.56774708
