ES_energy,KE
0.230085947,1.34127327
