ES_energy,KE
0.103765624,1.46744788
