ES_energy,KE
0.24093832,1.33044684
