ES_energy,KE
0.114608118,1.45661547
