ES_energy,KE
0.237361564,1.33408036
