ES_energy,KE
1.68334667e-05,1.57079268
