ES_energy,KE
6.88880789e-06,1.57080256
