ES_energy,KE
2.67837763e-05,1.5707827
