ES_energy,KE
7.33900858e-05,1.57073622
