ES_energy,KE
0.254469408,1.31698041
