ES_energy,KE
0.13648534,1.43495468
