ES_energy,KE
0.116895082,1.45433728
