ES_energy,KE
0.146429737,1.42475485
