ES_energy,KE
0.127229001,1.44398875
