ES_energy,KE
0.112710208,1.45853035
