ES_energy,KE
8.72155177e-06,1.57080075
