ES_energy,KE
0.237772531,1.33361371
