ES_energy,KE
0.0957350233,1.47514921
