ES_energy,KE
0.209104889,1.36244318
