ES_energy,KE
0.000120798134,1.57068886
