ES_energy,KE
0.01052793,1.56029177
