ES_energy,KE
0.207366399,1.36420625
