ES_energy,KE
0.000764881192,1.57004577
