ES_energy,KE
8.6427581e-07,1.5708086
