ES_energy,KE
0.151451797,1.41984055
