ES_energy,KE
0.000188946586,1.57062082
