ES_energy,KE
0.168432622,1.40299922
