ES_energy,KE
4.93578983e-06,1.5708045
