ES_energy,KE
0.000197307287,1.5706125
