ES_energy,KE
0.0859082932,1.48530048
