ES_energy,KE
0.000168364947,1.57064134
