ES_energy,KE
0.136414299,1.4349234
