ES_energy,KE
0.135642236,1.43569683
