ES_energy,KE
2.40077522e-05,1.57078549
