ES_energy,KE
0.000235048837,1.57057489
