ES_energy,KE
0.173345406,1.39793307
