ES_energy,KE
0.00208852115,1.56872353
