ES_energy,KE
0.34397551,1.22757969
