ES_energy,KE
0.00102835198,1.56978252
