ES_energy,KE
2.44267943e-06,1.57080701
