ES_energy,KE
0.30002778,1.27128618
