ES_energy,KE
0.153823585,1.41767347
