ES_energy,KE
0.20752275,1.3640193
