ES_energy,KE
0.0289920939,1.5418409
