ES_energy,KE
0.238840783,1.33250314
