ES_energy,KE
0.350430897,1.22113099
