ES_energy,KE
1.76170687e-05,1.57079188
