ES_energy,KE
0.237604008,1.33385829
