ES_energy,KE
6.01844804e-06,1.57080353
