ES_energy,KE
0.0227139583,1.54811461
