ES_energy,KE
0.218759737,1.35297086
