ES_energy,KE
4.46918486e-06,1.57080505
