ES_energy,KE
0.000209018221,1.57060084
