ES_energy,KE
5.71662147e-07,1.57080889
