ES_energy,KE
0.242905318,1.32857901
