ES_energy,KE
0.203388824,1.3676423
