ES_energy,KE
0.0178187076,1.55300663
