ES_energy,KE
0.12167659,1.44953842
