ES_energy,KE
0.145791619,1.42548543
