ES_energy,KE
0.0203856244,1.55044129
