ES_energy,KE
0.129236576,1.44207849
