ES_energy,KE
2.10777729e-05,1.57078841
