ES_energy,KE
0.132142219,1.43913673
