ES_energy,KE
3.03382713e-06,1.57080641
