ES_energy,KE
0.000366872161,1.57044331
