ES_energy,KE
0.116489503,1.45473621
