ES_energy,KE
4.96525735e-05,1.57075995
