ES_energy,KE
0.150209703,1.42109901
