ES_energy,KE
0.130123012,1.44118802
