ES_energy,KE
0.173396877,1.39845059
