ES_energy,KE
0.209856097,1.36181588
