ES_energy,KE
0.128639122,1.44261029
