ES_energy,KE
0.201293717,1.37067843
