ES_energy,KE
1.49170386e-05,1.57079455
