ES_energy,KE
2.88888992e-06,1.57080658
