ES_energy,KE
0.00109001358,1.5697209
