ES_energy,KE
1.22509387e-05,1.57079726
