ES_energy,KE
0.0233382535,1.54749158
