ES_energy,KE
1.23846465e-05,1.57079706
