ES_energy,KE
1.60059262e-07,1.57080928
