ES_energy,KE
0.376490794,1.19526455
