ES_energy,KE
1.44501281e-05,1.570795
