ES_energy,KE
0.254236891,1.31719953
