ES_energy,KE
0.000742322533,1.57006826
