ES_energy,KE
0.0704632118,1.50073691
