ES_energy,KE
0.105429933,1.46582626
