ES_energy,KE
0.00086154245,1.5699492
