ES_energy,KE
8.01558228e-06,1.57080143
