ES_energy,KE
1.2760633e-05,1.57079669
