ES_energy,KE
0.115181943,1.45602903
