ES_energy,KE
0.137465358,1.43383232
