ES_energy,KE
1.98648555e-05,1.57078972
