ES_energy,KE
1.34207265e-06,1.57080812
