ES_energy,KE
0.263938112,1.30776379
