ES_energy,KE
1.18136003e-05,1.57079767
