ES_energy,KE
1.25045564e-07,1.57080933
