ES_energy,KE
0.256384044,1.3150391
