ES_energy,KE
0.112899012,1.45835455
