ES_energy,KE
7.64761202e-06,1.5708018
