ES_energy,KE
7.06983631e-06,1.5708024
