ES_energy,KE
0.121309538,1.44996054
