ES_energy,KE
0.000349273871,1.57046089
