ES_energy,KE
0.000210569662,1.57059929
