ES_energy,KE
0.243104465,1.32800901
