ES_energy,KE
0.0819094531,1.48932316
