ES_energy,KE
1.11665445e-06,1.57080833
