ES_energy,KE
3.14246249e-06,1.57080634
