ES_energy,KE
1.47290061e-05,1.57079473
