ES_energy,KE
4.00025973e-07,1.57080909
