ES_energy,KE
0.117979918,1.45326413
