ES_energy,KE
0.347148717,1.22445737
