ES_energy,KE
0.00360092231,1.56721275
