ES_energy,KE
6.67269121e-06,1.57080277
