ES_energy,KE
0.00029208913,1.57051796
