ES_energy,KE
0.00706412638,1.56375297
