ES_energy,KE
3.07688275e-07,1.57080914
