ES_energy,KE
0.1185373,1.45270793
