ES_energy,KE
0.0074162848,1.56340106
