ES_energy,KE
7.76136931e-06,1.57080172
