ES_energy,KE
0.000241464893,1.57056849
