ES_energy,KE
0.125376374,1.44584511
