ES_energy,KE
0.271886443,1.29949406
