ES_energy,KE
0.00385570088,1.56695835
