ES_energy,KE
0.301602553,1.2714636
