ES_energy,KE
0.231519757,1.33997877
