ES_energy,KE
0.04121681,1.52962437
