ES_energy,KE
6.55542998e-07,1.57080881
