ES_energy,KE
0.154678873,1.41702062
