ES_energy,KE
0.114941499,1.45630214
