ES_energy,KE
0.000568881272,1.57024155
