ES_energy,KE
1.97986718e-06,1.57080746
