ES_energy,KE
0.206999137,1.36463135
