ES_energy,KE
0.390771051,1.18152338
