ES_energy,KE
0.195550598,1.37582886
