ES_energy,KE
2.30301429e-06,1.57080716
