ES_energy,KE
0.123662948,1.44759015
