ES_energy,KE
0.223005628,1.34846952
