ES_energy,KE
0.151543493,1.41983446
