ES_energy,KE
6.60815555e-06,1.57080284
