ES_energy,KE
0.222242879,1.34913239
