ES_energy,KE
0.00225013128,1.56856204
