ES_energy,KE
0.100999831,1.47018285
