ES_energy,KE
1.30713277e-05,1.57079638
