ES_energy,KE
0.259898768,1.31276614
