ES_energy,KE
0.000110648956,1.570699
