ES_energy,KE
2.98817981e-05,1.5707796
