ES_energy,KE
6.87169318e-06,1.57080265
