ES_energy,KE
0.137899362,1.43350653
