ES_energy,KE
0.00292705635,1.56788601
