ES_energy,KE
3.0690095e-05,1.57077881
