ES_energy,KE
0.261604263,1.30994284
