ES_energy,KE
2.60885921e-05,1.57078339
