ES_energy,KE
0.141626198,1.42956997
