ES_energy,KE
0.131227917,1.44002895
