ES_energy,KE
0.000221891796,1.57058801
