ES_energy,KE
0.264855565,1.30672581
