ES_energy,KE
0.13468765,1.43657824
