ES_energy,KE
0.221037351,1.35043216
