ES_energy,KE
0.000202557659,1.57060727
