ES_energy,KE
0.169290535,1.40198249
