ES_energy,KE
2.54634021e-07,1.57080922
