ES_energy,KE
0.213223359,1.35828579
