ES_energy,KE
3.07773949e-05,1.57077871
