ES_energy,KE
9.14382532e-06,1.57080031
