ES_energy,KE
0.19549286,1.37600559
