ES_energy,KE
0.000699488355,1.5701111
