ES_energy,KE
5.18262213e-06,1.57080437
