ES_energy,KE
0.109271125,1.46189715
