ES_energy,KE
0.150928451,1.42029724
