ES_energy,KE
0.22391879,1.34744928
