ES_energy,KE
0.142064765,1.42927044
