ES_energy,KE
0.293128637,1.2785667
