ES_energy,KE
5.81930506e-07,1.57080886
