ES_energy,KE
5.05170147e-06,1.57080449
