ES_energy,KE
0.40014519,1.17180581
