ES_energy,KE
0.0982086137,1.47267968
