ES_energy,KE
9.6897592e-05,1.57071273
