ES_energy,KE
2.74988386e-05,1.57078209
