ES_energy,KE
9.70897849e-06,1.57079981
