ES_energy,KE
0.001257906,1.56955318
