ES_energy,KE
2.26223746e-05,1.57078695
