ES_energy,KE
0.141411696,1.42990561
