ES_energy,KE
1.74423016e-06,1.5708077
