ES_energy,KE
0.101422512,1.46979186
