ES_energy,KE
0.000678985344,1.57013155
