ES_energy,KE
0.163460362,1.40777498
