ES_energy,KE
3.03549261e-05,1.57077914
