ES_energy,KE
0.210797716,1.36082613
