ES_energy,KE
0.00148640375,1.56932509
