ES_energy,KE
2.9791668e-06,1.57080648
