ES_energy,KE
0.000114052192,1.57069559
