ES_energy,KE
0.203598764,1.36764875
