ES_energy,KE
0.122612131,1.44864333
