ES_energy,KE
0.33113928,1.24027403
