ES_energy,KE
0.442486978,1.12936126
