ES_energy,KE
0.138324281,1.43294645
