ES_energy,KE
8.25837458e-06,1.57080119
