ES_energy,KE
1.23518408e-05,1.57079712
