ES_energy,KE
0.000215670895,1.57059422
