ES_energy,KE
0.13085709,1.44032499
