ES_energy,KE
0.000265602869,1.57054439
