ES_energy,KE
1.63050052e-05,1.57079326
