ES_energy,KE
2.21510984e-06,1.57080726
