ES_energy,KE
7.02689152e-06,1.57080252
