ES_energy,KE
0.148496068,1.42282451
