ES_energy,KE
0.205269817,1.36618366
