ES_energy,KE
0.132631465,1.43828877
