ES_energy,KE
2.01341603e-05,1.57078934
