ES_energy,KE
1.51979525e-07,1.5708093
