ES_energy,KE
0.141001586,1.4303041
