ES_energy,KE
0.119746562,1.45148002
