ES_energy,KE
9.36977414e-06,1.57080009
