ES_energy,KE
0.0820544415,1.48882037
