ES_energy,KE
0.209103983,1.36216818
