ES_energy,KE
0.0133005887,1.55752129
