ES_energy,KE
5.65127788e-06,1.57080389
