ES_energy,KE
0.00041755957,1.57039269
