ES_energy,KE
0.187981912,1.38361985
