ES_energy,KE
0.000720512057,1.57009004
