ES_energy,KE
0.00673169688,1.56408511
