ES_energy,KE
0.171397878,1.40010628
