ES_energy,KE
0.00484576158,1.56596927
