ES_energy,KE
1.25688942e-05,1.57079633
