ES_energy,KE
0.233018744,1.33833755
