ES_energy,KE
0.143222613,1.42801368
