ES_energy,KE
0.204091883,1.36776633
