ES_energy,KE
0.0050745286,1.56574061
