ES_energy,KE
0.24326801,1.32822645
