ES_energy,KE
0.000245004748,1.57056495
