ES_energy,KE
0.000621123343,1.57018935
