ES_energy,KE
0.306126031,1.26520413
