ES_energy,KE
0.248116566,1.32315534
