ES_energy,KE
0.129162711,1.44206856
