ES_energy,KE
0.252878315,1.31854654
