ES_energy,KE
0.126076285,1.44511287
