ES_energy,KE
0.438224946,1.1342989
