ES_energy,KE
0.30944347,1.26193765
