ES_energy,KE
3.04314323e-05,1.57077907
