ES_energy,KE
0.124819473,1.44642882
