ES_energy,KE
0.00626545828,1.56455075
