ES_energy,KE
0.28270177,1.29012255
