ES_energy,KE
3.5888198e-07,1.57080911
