ES_energy,KE
1.14070011e-06,1.57080831
