ES_energy,KE
0.106129095,1.46508925
