ES_energy,KE
0.195715466,1.37560813
