ES_energy,KE
0.124261462,1.44702512
