ES_energy,KE
1.42812994e-05,1.5707952
