ES_energy,KE
0.000217650999,1.57059225
