ES_energy,KE
0.262498115,1.30884982
