ES_energy,KE
2.52843065e-06,1.57080693
