ES_energy,KE
9.94274751e-08,1.57080934
