ES_energy,KE
0.266089515,1.3053028
