ES_energy,KE
0.000298251957,1.57051184
