ES_energy,KE
1.13166431e-06,1.57080832
