ES_energy,KE
0.00118833147,1.5696227
