ES_energy,KE
0.119938855,1.45131613
