ES_energy,KE
0.0864005286,1.48447511
