ES_energy,KE
0.000788072024,1.57002261
