ES_energy,KE
0.000136898193,1.57067278
