ES_energy,KE
0.0110841831,1.55973651
