ES_energy,KE
0.00122271187,1.56958831
