ES_energy,KE
0.254862157,1.31662668
