ES_energy,KE
2.45673023e-05,1.57078492
