ES_energy,KE
1.07196565e-06,1.57080839
