ES_energy,KE
0.000333132053,1.57047702
