ES_energy,KE
1.5371811e-05,1.57079408
