ES_energy,KE
1.25423773e-05,1.57079691
