ES_energy,KE
4.71588677e-06,1.57080476
