ES_energy,KE
0.0781221051,1.49309829
