ES_energy,KE
0.143736152,1.42769077
