ES_energy,KE
0.339380894,1.23219875
