ES_energy,KE
0.198015861,1.37325425
