ES_energy,KE
0.248546237,1.32291792
