ES_energy,KE
0.168871086,1.40210544
