ES_energy,KE
4.16268156e-06,1.57080532
