ES_energy,KE
0.239464545,1.33200223
