ES_energy,KE
0.143289878,1.42805834
