ES_energy,KE
1.60339908e-05,1.57079348
