ES_energy,KE
0.353365519,1.21818461
