ES_energy,KE
0.152581728,1.41865044
