ES_energy,KE
4.51588843e-06,1.57080494
