ES_energy,KE
0.163187007,1.40807144
