ES_energy,KE
0.263612447,1.30887359
