ES_energy,KE
0.244561781,1.32681977
