ES_energy,KE
0.000252627945,1.57055736
