ES_energy,KE
0.287638264,1.2838212
