ES_energy,KE
0.228931007,1.34236724
