ES_energy,KE
0.120508197,1.45071316
