ES_energy,KE
0.0136554263,1.55716687
