ES_energy,KE
2.53374724e-05,1.57078414
