ES_energy,KE
0.166488272,1.40471533
