ES_energy,KE
0.138984799,1.43240299
