ES_energy,KE
0.0666229382,1.50458539
