ES_energy,KE
0.00247994375,1.56833239
