ES_energy,KE
5.1022784e-06,1.57080435
