ES_energy,KE
0.240609822,1.33076072
