ES_energy,KE
0.131316945,1.43989483
