ES_energy,KE
1.53870843e-05,1.57079407
