ES_energy,KE
0.256000991,1.31546681
