ES_energy,KE
0.000177781613,1.57063196
