ES_energy,KE
0.162797876,1.40866719
