ES_energy,KE
2.01010227e-05,1.57078943
