ES_energy,KE
1.05773949e-05,1.57079887
