ES_energy,KE
0.264948112,1.30624592
