ES_energy,KE
0.139289544,1.43163367
