ES_energy,KE
0.267953152,1.30368122
