ES_energy,KE
8.6842393e-06,1.57080078
