ES_energy,KE
6.23327257e-06,1.57080331
