ES_energy,KE
0.0183036168,1.552522
