ES_energy,KE
0.150137891,1.42164338
