ES_energy,KE
4.39467834e-06,1.57080505
