ES_energy,KE
3.15227611e-06,1.57080632
