ES_energy,KE
5.30897247e-06,1.57080413
