ES_energy,KE
6.18828595e-06,1.57080333
