ES_energy,KE
3.76906363e-07,1.57080907
