ES_energy,KE
6.7855582e-06,1.57080267
