ES_energy,KE
0.370607245,1.20134158
