ES_energy,KE
1.13686165e-06,1.57080833
