ES_energy,KE
0.000256713038,1.5705533
