ES_energy,KE
0.00021215523,1.5705977
