ES_energy,KE
2.67462475e-06,1.57080681
