ES_energy,KE
0.000192242399,1.57061753
