ES_energy,KE
3.52058995e-05,1.57077438
