ES_energy,KE
0.266136201,1.30535027
