ES_energy,KE
7.59968812e-07,1.57080872
