ES_energy,KE
3.45898218e-06,1.57080598
