ES_energy,KE
0.277014663,1.29439846
