ES_energy,KE
4.44578205e-05,1.57076513
