ES_energy,KE
0.152715573,1.41863905
