ES_energy,KE
2.80426677e-05,1.57078144
