ES_energy,KE
0.128942033,1.4423113
