ES_energy,KE
7.34074094e-06,1.57080222
