ES_energy,KE
0.186187278,1.38549535
