ES_energy,KE
8.22918506e-06,1.57080124
