ES_energy,KE
0.233283847,1.33800754
