ES_energy,KE
2.86916282e-06,1.57080659
