ES_energy,KE
0.00519366675,1.56562174
