ES_energy,KE
0.0390538002,1.53178728
