ES_energy,KE
0.120367351,1.450913
