ES_energy,KE
0.227040877,1.34450436
