ES_energy,KE
0.237369088,1.33396404
