ES_energy,KE
0.147937578,1.423401
