ES_energy,KE
0.0014461047,1.56936519
