ES_energy,KE
2.41518159e-05,1.57078543
