ES_energy,KE
0.200998756,1.37033558
