ES_energy,KE
0.25171266,1.32100688
