ES_energy,KE
2.61464378e-05,1.57078335
