ES_energy,KE
0.0990203832,1.47217222
