ES_energy,KE
0.136069188,1.43520937
