ES_energy,KE
2.99113571e-06,1.57080646
