ES_energy,KE
0.33101505,1.24243824
