ES_energy,KE
0.126053789,1.44519367
