ES_energy,KE
0.0892919975,1.48185702
