ES_energy,KE
0.117182685,1.45407509
