ES_energy,KE
2.32682287e-06,1.57080712
