ES_energy,KE
0.0108020822,1.56001812
