ES_energy,KE
0.000506908175,1.57030346
