ES_energy,KE
0.165002295,1.4062068
