ES_energy,KE
0.0906154525,1.48050681
