ES_energy,KE
0.216969937,1.35448715
