ES_energy,KE
0.13478838,1.43653644
