ES_energy,KE
0.00299585851,1.56781719
