ES_energy,KE
0.110858342,1.46036787
