ES_energy,KE
0.234479212,1.33687895
