ES_energy,KE
0.165429832,1.40589929
