ES_energy,KE
8.32645766e-07,1.57080865
