ES_energy,KE
8.66360509e-05,1.57072298
