ES_energy,KE
0.148992585,1.42223944
