ES_energy,KE
2.89817299e-05,1.57078052
