ES_energy,KE
8.80688897e-07,1.57080856
