ES_energy,KE
0.16606022,1.40515882
