ES_energy,KE
0.25640396,1.31499078
