ES_energy,KE
0.0164436745,1.55438099
