ES_energy,KE
0.280783871,1.2910508
