ES_energy,KE
0.111450551,1.45945184
