ES_energy,KE
0.138434987,1.4328365
