ES_energy,KE
0.0583581438,1.51249617
