ES_energy,KE
0.334967816,1.23657312
