ES_energy,KE
0.0763514617,1.49485703
