ES_energy,KE
4.12951346e-07,1.57080905
