ES_energy,KE
0.000186501169,1.57062324
