ES_energy,KE
0.166360587,1.404869
