ES_energy,KE
0.259369988,1.31180449
