ES_energy,KE
0.117171757,1.45373236
