ES_energy,KE
0.000521524189,1.57028884
