ES_energy,KE
0.149825627,1.42111739
